{
  "name": "angular-animate",
  "version": "1.6.2",
  "license": "MIT",
  "main": "./angular-animate.js",
  "ignore": [],
  "dependencies": {
    "angular": "1.6.2"
  },
  "homepage": "https://github.com/angular/bower-angular-animate",
  "_release": "1.6.2",
  "_resolution": {
    "type": "version",
    "tag": "v1.6.2",
    "commit": "bd4e1fb3b6ac4f20adca0ba6d4fbf91359836a97"
  },
  "_source": "https://github.com/angular/bower-angular-animate.git",
  "_target": "^1.5.5",
  "_originalSource": "angular-animate"
}