{
  "name": "restangular",
  "main": "./dist/restangular.js",
  "description": "Restful Resources service for AngularJS apps",
  "repository": {
    "type": "git",
    "url": "git://github.com/mgonto/restangular.git"
  },
  "dependencies": {
    "lodash": "~4.17.0",
    "angular": "~1.x"
  },
  "ignore": [
    "node_modules",
    "components",
    "lib"
  ],
  "homepage": "https://github.com/mgonto/restangular",
  "version": "1.6.1",
  "_release": "1.6.1",
  "_resolution": {
    "type": "version",
    "tag": "1.6.1",
    "commit": "d03cab513eda96f1a68395bf9bd76d2da00e8d51"
  },
  "_source": "https://github.com/mgonto/restangular.git",
  "_target": "^1.5.2",
  "_originalSource": "restangular"
}